"Tag","Link","Clicks","date","weekday","max"
3,"https://medium.com/the-column/careers-and-chemical-engineers-fca22f798a5c",31,2021-01-01,6,TRUE
32,"https://www.reuters.com/article/us-exxon-mobil-outlook/exxon-signals-up-to-20-billion-writedown-to-overwhelm-4th-qtr-gains-in-oil-chemicals-idUSKBN2942DV",25,2021-01-04,2,TRUE
29,"https://www.delawareonline.com/story/money/business/2020/12/29/dupont-sell-chestnut-run-labs-mra-group-pennsylvania/4072740001/",13,2021-01-06,4,TRUE
28,"https://www.coons.senate.gov/news/press-releases/senator-coons-bipartisan-bill-to-promote-sustainable-chemistry-to-become-law",10,2021-01-08,6,TRUE
42,"https://www.researchgate.net/profile/Thomas_Lebarbe/publication/278644697/figure/fig2/AS:698582105616388@1543566361612/Chemical-synthesis-and-microbial-fermentation-pathways-to-lactic-acid.jpg",22,2021-01-11,2,TRUE
24,"https://www.dallasfed.org/news/releases/2021/nr210108Patel.aspx",7,2021-01-13,4,TRUE
27,"https://corporate.evonik.com/en/media/press-releases/performance-materials/evonik-begins-marketing-of-natural-refrigerants-151143.html",7,2021-01-13,4,TRUE
40,"https://www.reddit.com/r/ChemicalEngineering/comments/fvsfm1/in_light_of_finishing_school_this_week/",7,2021-01-13,4,TRUE
2,"https://thecolumn.co/",27,2021-01-15,6,TRUE
21,"https://thecolumn.co/daily/07292020",27,2021-01-15,6,TRUE
9,"http://www.blueplanet-ltd.com/wp-content/uploads/2018/12/Process-Diagram-11_29_18.png",83,2021-01-18,2,TRUE
0,"https://thecolumn.co/daily/01202021",30,2021-01-20,4,TRUE
14,"http://creativecommons.org/licenses/by-sa/3.0/",40,2021-01-22,6,TRUE
7,"https://www.electrochem.org/dl/interface/wtr/wtr13/wtr13_p055_062.pdf",58,2021-01-25,2,TRUE
40,"https://www.iiotconnection.com/solvay-to-use-blockchain-technology-for-supply-chain-tracing/",21,2021-01-27,4,TRUE
41,"https://www.icis.com/explore/resources/news/2021/01/22/10598283/insight-resilient-us-economy-stimulus-set-to-boost-chemicals-demand-in-2021",21,2021-01-27,4,TRUE
0,"https://thecolumn.co/daily/01292021",52,2021-01-29,6,TRUE
24,"https://www.wsj.com/articles/exxon-chevron-ceos-discussed-merger-11612126203",203,2021-02-01,2,TRUE
10,"https://www.icis.com/explore/resources/news/2020/03/12/10481848/insight-new-chemical-recycling-technologies-proliferate",41,2021-02-03,4,TRUE
0,"https://thecolumn.co/daily/02052021",50,2021-02-05,6,TRUE
24,"https://lanxess.com/en/Media/Press-Releases/2021/02/Adding-a-splash-of-3D-color-to-drab-concrete-gray",56,2021-02-08,2,TRUE
27,"https://www.theverge.com/2021/2/8/22245100/elon-musk-100-million-carbon-capture-removal-x-prize-competition",31,2021-02-10,4,TRUE
25,"https://www.solvay.com/en/press-release/solvay-and-vertical-aerospace-partner-on-electric-airtaxi-program",44,2021-02-12,6,TRUE
26,"https://www.repsol.com/imagenes/global/en/PR11022021-repsol-imecal-create-perseo-biotechnology_tcm14-208845.pdf",45,2021-02-15,2,TRUE
0,"https://thecolumn.co/daily/02172021",49,2021-02-17,4,TRUE
11,"https://upload.wikimedia.org/wikipedia/commons/1/19/BTX-Derivatives.png",37,2021-02-19,6,TRUE
5,"https://v-er.com",57,2021-02-22,2,TRUE
29,"https://investors.coca-colacompany.com/news-events/press-releases/detail/1011/the-coca-cola-company-introduces-bottles-made-from-100",67,2021-02-24,4,TRUE
10,"https://www.agilyx.com/cyclyx",15,2021-02-26,6,TRUE
34,"https://www.prnewswire.com/news-releases/alfa-laval-is-part-of-the-next-phase-of-development-for-a-sustainable-energy-storage-solution-301235740.html",15,2021-02-26,6,TRUE
21,"https://chemicals.oq.com/fileadmin/Page/Unternehmen/Medien/Unternehmens-News/2021/2021_02_24_Roehm_oQC_MoU.pdf",64,2021-03-01,2,TRUE
32,"https://cen.acs.org/business/specialty-chemicals/Johnson-Matthey-Racing-survive/99/i7",14,2021-03-03,4,TRUE
30,"https://mobile-engineering-com.cdn.ampproject.org/c/s/mobile.engineering.com/amp/21329.html",46,2021-03-05,6,TRUE
31,"https://www.bloomberg.com/news/articles/2021-03-07/saudi-coalition-intercepts-five-drones-from-yemen-pursuing-more",82,2021-03-08,2,TRUE
2,"https://thecolumn.co/",38,2021-03-10,4,TRUE
9,"https://electrical-engineering-portal.com/arriving-at-the-scene-of-a-pole-fire-what-to-do",83,2021-03-12,6,TRUE
13,"https://thecolumn.co/daily/02052021",44,2021-03-15,2,TRUE
26,"https://www.basf.com/global/en/media/news-releases/2021/03/p-21-158.html",24,2021-03-17,4,TRUE
0,"https://thecolumn.co/daily/03192021",36,2021-03-19,6,TRUE
16,"https://static1.squarespace.com/static/5c9aa323c46f6d499a2ac1c5/t/5e4548755e51623210e6da82/1581598838742/Lithium+%28Extraction+Technology%29+in+2025.pdf",76,2021-03-22,2,TRUE
0,"https://thecolumn.co/daily/03242021",50,2021-03-24,4,TRUE
0,"https://thecolumn.co/daily/03262021",52,2021-03-26,6,TRUE
0,"https://thecolumn.co/daily/03292021",79,2021-03-29,2,TRUE
34,"https://www.bbc.com/news/world-asia-56560826",25,2021-03-31,4,TRUE
0,"https://thecolumn.co/daily/04022021",12,2021-04-02,6,TRUE
5,"https://saltigo.com/about-saltigo/",12,2021-04-02,6,TRUE
8,"https://www.cnet.com/a/img/vV1bj50Sv0zobscg2rawuuhlCeE=/940x0/2015/12/22/7afe228e-9ff5-4fe1-beef-5807fb028cac/hoverboard-fire-screencap.jpg",12,2021-04-02,6,TRUE
9,"https://www.autoweek.com/news/green-cars/a35367888/the-eternal-promise-of-solid-state-batteries/",12,2021-04-02,6,TRUE
19,"https://en.wikipedia.org/wiki/Polypropylene",12,2021-04-02,6,TRUE
28,"https://biofabrik.com/en/2021/02/23/wastx-plastic-worlds-biggest-factory-for-chemical-recycling-announced/",34,2021-04-05,2,TRUE
13,"https://www.businesswire.com/news/home/20210406005501/en/Syzygy-Plasmonics-Attracts-Global-Investors-Raises-23-Million-Series-B-to-Electrify-Chemical-Manufacturing",23,2021-04-07,4,TRUE
0,"https://thecolumn.co/daily/04092021",24,2021-04-09,6,TRUE
46,"https://www.tiktok.com/@maximus2themax/video/6937412411754433797",53,2021-04-12,2,TRUE
10,"https://repository.upenn.edu/cgi/viewcontent.cgi?article=1127&context=cbe_sdr",21,2021-04-14,4,TRUE
0,"https://thecolumn.co/daily/04162021",80,2021-04-16,6,TRUE
0,"https://thecolumn.co/daily/04192021",26,2021-04-19,2,TRUE
51,"https://www.thechemicalengineer.com/features/cewctw-arthur-d-little-dedicated-to-industrial-progress/",29,2021-04-21,4,TRUE
33,"https://www.plantengineering.com/articles/chemical-manufacturers-oil-gas-industries-face-growing-technological-obsolescence/",25,2021-04-23,6,TRUE
4,"https://nacero.co/company",87,2021-04-26,2,TRUE
18,"https://worldwastetoenergy.com/wp-content/uploads/2018/05/Andrew-Buchanan-ReNew-ELP.pdf",71,2021-04-28,4,TRUE
11,"https://hbr.org/2020/05/building-a-transparent-supply-chain",50,2021-04-30,6,TRUE
0,"https://thecolumn.co/daily/05032021",62,2021-05-03,2,TRUE
28,"https://graphics.reuters.com/USA-ENERGY/FEEDSTOCKS/yzdvxelkrpx/index.html",45,2021-05-05,4,TRUE
6,"https://goo.gl/maps/oZSXmjSjcW8jqWMH6",62,2021-05-07,6,TRUE
12,"https://ihsmarkit.com/research-analysis/the-alpha-dogs-of-alpha-olefins.html",83,2021-05-10,2,TRUE
6,"https://lanzatech.com/",56,2021-05-12,4,TRUE
0,"https://thecolumn.co/daily/05142021",70,2021-05-14,6,TRUE
0,"https://thecolumn.co/daily/05172021",105,2021-05-17,2,TRUE
13,"https://edgeadhesives.com/about-us/",71,2021-05-19,4,TRUE
0,"https://thecolumn.co/daily/05212021",58,2021-05-21,6,TRUE
0,"https://thecolumn.co/daily/05312021",80,2021-05-31,2,TRUE
4,"https://creativecommons.org/licenses/by-sa/2.0",57,2021-06-02,4,TRUE
2,"https://thecolumn.co/",60,2021-06-04,6,TRUE
0,"https://thecolumn.co/daily/06072021",53,2021-06-07,2,TRUE
4,"https://monolithmaterials.com/about/our-story",53,2021-06-07,2,TRUE
0,"https://thecolumn.co/daily/06092021",67,2021-06-09,4,TRUE
2,"https://thecolumn.co/",21,2021-06-11,6,TRUE
1,"https://en.wikipedia.org/wiki/Stuxnet",3,2020-06-13,7,TRUE
3,"https://www.fundedbyme.com/en/campaign/8420/liquid-wind-ab-1/?type=e",3,2020-06-13,7,TRUE
4,"https://www.industryprojectstechnology.com/petrofac-to-support-leading-uk-ccs-and-hydrogen-project/",3,2020-06-13,7,TRUE
3,"https://www.chemengonline.com/sinopec-completes-installation-of-the-worlds-largest-hydrogenation-reactor/",1,2020-06-14,1,TRUE
50,"https://en.wikipedia.org/wiki/Belousov–Zhabotinsky_reaction",29,2021-06-14,2,TRUE
1,"https://www.houstonchronicle.com/neighborhood/pasadena/news/article/Deer-Park-plants-provide-variety-of-products-used-15334217.php",2,2020-06-15,2,TRUE
3,"https://strategicfuelfund.co.za/about",1,2020-06-16,3,TRUE
6,"https://www.google.com/amp/s/www.cnbc.com/amp/2020/06/15/repsol-to-invest-millions-in-fuel-production-using-green-hydrogen.html",1,2020-06-16,3,TRUE
7,"https://www.erienewsnow.com/story/42228745/basf-to-close-erie-plant-in-2021",1,2020-06-16,3,TRUE
5,"https://en.wikipedia.org/wiki/Ethylene_carbonate",21,2021-06-16,4,TRUE
1,"https://en.wikipedia.org/wiki/Cracking_(chemistry)",1,2020-06-17,4,TRUE
3,"https://www.sustainableplastics.com/news/dow-and-shell-develop-sustainable-steam-cracking-technology",1,2020-06-17,4,TRUE
8,"{{ Unsubscribe link }}",1,2020-06-18,5,TRUE
9,"https://mailchi.mp/f8f1fdc53c5c/2020-incidents",34,2021-06-18,6,TRUE
0,"https://thecolumn.co/06192020.html",2,2020-06-19,6,TRUE
43,"https://www.chiyodacorp.com/service/7-5_en_2%20.jpg",26,2021-06-21,2,TRUE
0,"https://thecolumn.co/daily/06222020",2,2020-06-22,2,TRUE
10,"{{ Unsubscribe link }}",2,2020-06-23,3,TRUE
30,"https://www.kiiitv.com/article/news/local/7-billion-exxon-plastics-plant-nearing-completion-in-portland-texas/503-36df0394-1899-462f-bafe-bb8340070fa0",22,2021-06-23,4,TRUE
3,"https://www.businessgreen.com/news/4016835/bp-invests-usd-methane-leak-detecting-specialist-satelytics",3,2020-06-24,4,TRUE
0,"https://thecolumn.co/daily/06252020",2,2020-06-25,5,TRUE
7,"https://www.basf.com/us/en/who-we-are/sustainability/we-drive-sustainable-solutions/circular-economy/mass-balance-approach.html",26,2021-06-25,6,TRUE
26,"https://www.hydrocarbonengineering.com/refining/25062021/chalmette-refining-announce-potential-us550-million-renewable-diesel-project/",21,2021-06-28,2,TRUE
45,"https://facts-i-just-made-up.tumblr.com/post/69996899243/lithium-combustion-video-slow-motion",23,2021-06-30,4,TRUE
0,"https://thecolumn.co/daily/07022021",17,2021-07-02,6,TRUE
0,"https://thecolumn.co/daily/07072021",20,2021-07-07,4,TRUE
30,"https://corporate.dow.com/en-us/news/press-releases/dow-continues-expansions-aligned-to-fast-growing-end-markets?linkId=100000052730748",25,2021-07-09,6,TRUE
28,"https://www.timesonline.com/story/news/2021/07/09/shell-cracker-plant-80-complete-first-electricity-exported-grid/7904792002/",28,2021-07-12,2,TRUE
34,"https://www.reuters.com/business/energy/chevron-eyes-permanent-shutdown-pasadena-texas-fcc-sources-2021-07-09/",22,2021-07-14,4,TRUE
13,"https://www.lanzatech.com/2021/07/13/lanzatech-and-lululemon-partner-to-create-the-first-fabric-using-recycled-carbon-emissions/",15,2021-07-16,6,TRUE
27,"https://cleantechnica.com/2021/02/24/hydrogen-is-big-oils-last-grand-scam/",40,2021-07-19,2,TRUE
19,"https://givebutter.com/thecolumn",3,2020-07-20,2,TRUE
10,"https://www.denverpost.com/2020/07/20/chevron-noble-energy-colorado/",4,2020-07-21,3,TRUE
12,"https://thecolumn.co/daily/07202020",4,2020-07-21,3,TRUE
31,"https://www.mckinsey.com/industries/oil-and-gas/our-insights/petroleum-blog/whats-fueling-the-global-downstream-market",43,2021-07-21,4,TRUE
13,"https://www.nytimes.com/2020/07/11/world/asia/china-iran-trade-military-deal.html",29,2020-07-22,4,TRUE
0,"https://thecolumn.co/daily/07232020",2,2020-07-23,5,TRUE
7,"https://www.grainprocessing.com/alcohol/alcohol-grades.html",16,2021-07-23,6,TRUE
10,"https://www.businesswire.com/news/home/20200722005805/en/Air-Liquide-Invests-World-Scale-Oxygen-Production-Plant",7,2020-07-24,6,TRUE
0,"https://thecolumn.co/daily/07262021",22,2021-07-26,2,TRUE
0,"https://thecolumn.co/daily/07272020",11,2020-07-27,2,TRUE
7,"https://www.eia.gov/tools/faqs/faq.php?id=29&t=6",12,2020-07-28,3,TRUE
49,"https://upload.wikimedia.org/wikipedia/commons/thumb/5/54/Benzene_uses.png/640px-Benzene_uses.png",19,2021-07-28,4,TRUE
0,"https://thecolumn.co/daily/07292020",14,2020-07-29,4,TRUE
6,"https://www.basf.com/us/en/who-we-are/sustainability/we-drive-sustainable-solutions/quantifying-sustainability/product-carbon-footprint.html",8,2020-07-30,5,TRUE
6,"https://www.houstonchronicle.com/news/houston-texas/environment/article/Medical-incident-reported-at-LyondellBasell-16344557.php",38,2021-07-30,6,TRUE
8,"https://www.nacleanenergy.com/articles/38539/sabic-chemical-plant-to-become-world-s-first-of-its-kind-to-operate-on-100-renewable-power",8,2020-07-31,6,TRUE
38,"https://www.essentialchemicalindustry.org/images/stories/630_Polypropene/PolyPropene_02.JPG",31,2021-08-02,2,TRUE
4,"https://www.congress.gov/116/bills/s999/BILLS-116s999is.pdf",19,2020-08-03,2,TRUE
27,"https://www.icis.com/explore/resources/news/2020/07/31/10536643/lyondellbasell-to-delay-completion-of-us-po-tba-plant-to-q3-22",6,2020-08-04,3,TRUE
15,"https://en.wikipedia.org/wiki/Piranha_solution",33,2021-08-04,4,TRUE
14,"https://www.brightmark.com/our-work/plastics-renewal/",13,2020-08-05,4,TRUE
23,"https://www.divestopedia.com/what-is-platform-acquisition/2/8168",11,2020-08-06,5,TRUE
7,"https://www.linkedin.com/posts/mattanderson11_chemicalengineering-renewablediesel-biodiesel-activity-6805338158717382656-uBtH/",41,2021-08-06,6,TRUE
12,"http://www.methanol.org/wp-content/uploads/2017/06/Peter-Gross-Global-Methanol-Fuel-Blending-Initiatives-Panel.pdf",17,2020-08-07,6,TRUE
17,"https://www.linkedin.com/company/knowde/",29,2021-08-09,2,TRUE
26,"https://www.prelectronics.com/industries/oil-gas/application-examples-oil-refinery-plant/naphtha-hydrotreater-temperature-measurement/",14,2020-08-10,2,TRUE
8,"https://foodandnutrition.org/november-december-2017/food-additives-emulsifiers/",24,2020-08-11,3,TRUE
36,"https://www.datacareerjumpstart.com/a/2147493568/GeEz5zY2",57,2021-08-11,4,TRUE
8,"https://en.wikipedia.org/wiki/Camelina_sativa",12,2020-08-12,4,TRUE
20,"https://translate.google.com/translate?hl=en&sl=de&u=https://de.wikipedia.org/wiki/Momentive_Performance_Materials&prev=search&pto=aue",10,2020-08-13,5,TRUE
0,"https://thecolumn.co/daily/08132021",22,2021-08-13,6,TRUE
7,"https://www.accoya.com/acetylation-what-is-it-and-what-is-acetylated-wood/",8,2020-08-14,6,TRUE
15,"https://upload.wikimedia.org/wikipedia/commons/thumb/f/f8/Classification_of_sealants_by_reactivity_and_chemistry.png/640px-Classification_of_sealants_by_reactivity_and_chemistry.png",45,2021-08-16,2,TRUE
24,"https://leathersustainability.weebly.com",17,2020-08-17,2,TRUE
13,"https://www.clariant.com/en/Business-Units/New-Businesses/Biotech-and-Biobased-Chemicals/Sunliquid",7,2020-08-18,3,TRUE
15,"https://imubit.com/company-overview-deep-learning-process-control-solutions/",23,2021-08-18,4,TRUE
0,"https://thecolumn.co/daily/08192020",8,2020-08-19,4,TRUE
13,"https://www.spglobal.com/platts/en/market-insights/latest-news/petrochemicals/081720-formosa-plastics-usa-issues-force-majeure-on-pvc-supply-amid-upstream-issues-notice",9,2020-08-20,5,TRUE
30,"https://www.tiktok.com/@maximus2themax/video/6937412411754433797",32,2021-08-20,6,TRUE
8,"https://www.1pointfive.com",9,2020-08-21,6,TRUE
9,"https://www.reuters.com/article/us-usa-carboncapture-dac/occidental-backed-company-will-build-new-us-co2-removal-plant-idUSKCN25F1VN",9,2020-08-21,6,TRUE
0,"https://thecolumn.co/daily/08232021",18,2021-08-23,2,TRUE
5,"https://www.beltandroad.news/2019/11/01/chinese-standards-success-in-brunei-petrochemical-project/",13,2020-08-24,2,TRUE
5,"http://chemetrycorp.com",10,2020-08-25,3,TRUE
8,"https://en.wikipedia.org/wiki/Polyethylene",25,2021-08-25,4,TRUE
18,"https://www.candorind.com/pcb-laminate-types/",9,2020-08-26,4,TRUE
8,"https://en.wikipedia.org/wiki/Oxygenate",10,2020-08-27,5,TRUE
0,"https://thecolumn.co/daily/08272021",15,2021-08-27,6,TRUE
9,"https://www.lyondellbasell.com/globalassets/products-technology/technology/hostalen-brochure.pdf",16,2020-08-28,6,TRUE
7,"https://en.wikipedia.org/wiki/Cancer_Alley",30,2021-08-30,2,TRUE
10,"https://en.wikipedia.org/wiki/Cummins",17,2020-08-31,2,TRUE
20,"https://www.repsol.com/imagenes/global/en/lightweight_solutions_for_the_automotive_market_tcm14-153128.pdf",18,2020-09-01,3,TRUE
0,"https://thecolumn.co/daily/09012021",17,2021-09-01,4,TRUE
16,"https://leathersustainability.weebly.com",16,2020-09-02,4,TRUE
25,"https://www.bioenergyconsult.com/pyrolysis-of-scrap-tires/",9,2020-09-03,5,TRUE
26,"https://blog.topsoe.com/maximizing-diesel-yield-with-catalytic-dewaxing",23,2021-09-03,6,TRUE
14,"https://www.aspentech.com/en/resources/video/aspen-unified-the-next-generation-of-planning-and-scheduling",22,2020-09-04,6,TRUE
14,"https://www.fastcompany.com/90422270/this-carbon-negative-vodka-is-made-from-captured-co2",10,2020-09-07,2,TRUE
14,"https://www.spglobal.com/platts/en/market-insights/latest-news/electric-power/090320-mitsubishi-lands-33-gw-of-new-us-hydrogen-compatible-gas-turbine-orders",9,2020-09-08,3,TRUE
8,"https://www.nouryon.com/news-and-events/news-overview/2021/new-brand-color/",41,2021-09-08,4,TRUE
19,"https://en.wikipedia.org/wiki/Steam_cracking",13,2020-09-09,4,TRUE
19,"https://sunhydrogen.com",20,2020-09-10,5,TRUE
5,"https://www.solugen.bio",24,2021-09-10,6,TRUE
7,"https://www.youtube.com/watch?v=y6ZfYuor9Os&feature=youtu.be",7,2020-09-11,6,TRUE
19,"https://en.wikipedia.org/wiki/Cracking_(chemistry)",7,2020-09-11,6,TRUE
26,"https://www.prnewswire.com/news-releases/icis-top-100-chemical-companies-ranking-shows-pandemic-impact-301370575.html",50,2021-09-13,2,TRUE
15,"http://chemetrycorp.com",24,2020-09-14,2,TRUE
5,"https://www.loopindustries.com/en/",20,2020-09-15,3,TRUE
0,"https://thecolumn.co/daily/09152021",17,2021-09-15,4,TRUE
48,"https://www.facebook.com/ChemicalEngineeringMemes/photos/a.1053824688015893/1076542442410784",17,2021-09-15,4,TRUE
7,"https://thecolumn.co/daily/09102020",5,2020-09-16,4,TRUE
20,"https://www.ogj.com/refining-processing/refining/article/14183293/neste-to-restructure-finnish-refining-operations",5,2020-09-16,4,TRUE
5,"https://en.wikipedia.org/wiki/BP",5,2020-09-17,5,TRUE
6,"https://en.wikipedia.org/wiki/Microsoft",5,2020-09-17,5,TRUE
19,"http://creativecommons.org/licenses/by-sa/3.0/",5,2020-09-17,5,TRUE
30,"https://resource-recycling.com/plastics/2021/09/15/chemical-recycling-operations-plan-expansions/",24,2021-09-17,6,TRUE
17,"https://app.greenrope.com/users/myteam46356/Media214.pdf",23,2020-09-18,6,TRUE
22,"https://www.sarkaritel.com/indianoil-minor-incident-at-barauni-refinery-all-personnel-are-safe/",28,2021-09-20,2,TRUE
6,"https://en.wikipedia.org/wiki/Cracking_(chemistry)",4,2020-09-21,2,TRUE
15,"https://creativecommons.org/licenses/by-sa/4.0",4,2020-09-21,2,TRUE
19,"https://meridianenergygroupinc.com/north-dakota-supreme-court-rules-in-favour-of-meridian-energy-for-refinery-siting/",4,2020-09-21,2,TRUE
7,"https://link.springer.com/article/10.1007/s10924-019-01525-9#Sec25",19,2020-09-22,3,TRUE
0,"https://thecolumn.co/daily/09222021",24,2021-09-22,4,TRUE
5,"https://www.carbonclean.com/technology/case-studies",10,2020-09-23,4,TRUE
9,"https://www.solidiatech.com/solutions.html",10,2020-09-23,4,TRUE
23,"https://www.youtube.com/watch?v=nS5VW-92_Rw&feature=emb_logo",14,2020-09-24,5,TRUE
0,"https://thecolumn.co/daily/09242021",21,2021-09-24,6,TRUE
9,"https://thecolumn.co/daily/09112020",7,2020-09-25,6,TRUE
0,"https://thecolumn.co/daily/09272021",27,2021-09-27,2,TRUE
12,"https://www.basf.com/global/en/media/news-releases/2020/09/p-20-314.html",12,2020-09-28,2,TRUE
20,"https://knowledge.ulprospector.com/7638/pc-automotive-coatings-materials-primer/",9,2020-09-29,3,TRUE
0,"https://thecolumn.co/daily/09292021",24,2021-09-29,4,TRUE
2,"https://thecolumn.co/",17,2020-09-30,4,TRUE
12,"https://calbioenergy.com",18,2020-10-01,5,TRUE
0,"https://thecolumn.co/daily/10012021",15,2021-10-01,6,TRUE
40,"https://www.linkedin.com/shareArticle?mini=true&url=https%3A%2F%2Fwww.linkedin.com%2Ffeed%2Fupdate%2Furn%3Ali%3Ashare%3A6849713170148409344",15,2021-10-01,6,TRUE
0,"https://thecolumn.co/daily/10022020",8,2020-10-02,6,TRUE
9,"https://www.carbios.com/en/carbios-annonce-le-demarrage-de-son-demonstrateur-industriel-exploitant-sa-technologie-unique-de-recyclage-enzymatique-c-zyme/",23,2021-10-04,2,TRUE
13,"https://www.eastman.com/Brands/Cristal/Products/Pages/Cristal-Renew.aspx",6,2020-10-05,2,TRUE
14,"https://en.wikipedia.org/wiki/Polyethylene_terephthalate",6,2020-10-05,2,TRUE
20,"https://www.mbcc-group.com",6,2020-10-05,2,TRUE
8,"https://c8s.co.uk/carbon8-systems-to-deploy-its-carbon-capture-utilisation-technology-for-the-first-time-at-dutch-energy-from-waste-plant/",15,2020-10-06,3,TRUE
13,"https://forumautomation.com/uploads/default/original/2X/3/33192b9e7a6a53544e41cc4aae492659561d07a1.jpeg",25,2021-10-06,4,TRUE
14,"https://www.dezeen.com/2019/10/24/spiber-moon-parka-spider-silkthe-north-face-japan/",24,2020-10-07,4,TRUE
21,"http://large.stanford.edu/courses/2015/ph240/zhao-a2/images/f1big.png",11,2020-10-08,5,TRUE
8,"https://www.shell.com/business-customers/chemicals/media-releases/2020-media-releases/dow-and-shell-team-up-to-develop-electric-cracking-technology.html",49,2021-10-08,6,TRUE
5,"https://en.wikipedia.org/wiki/Renewable_Energy_Group",8,2020-10-09,6,TRUE
9,"https://en.wikipedia.org/wiki/Ethyl_tert-butyl_ether",29,2021-10-11,2,TRUE
9,"https://www.cpchem.com/media-events/news/press-release/chevron-phillips-chemical-successfully-completes-first-us",12,2020-10-12,2,TRUE
9,"https://www.townsendsolutions.com/technology_22may2016_pptechnologyreview",18,2020-10-13,3,TRUE
0,"https://thecolumn.co/daily/10132021",30,2021-10-13,4,TRUE
0,"https://thecolumn.co/daily/10142020",3,2020-10-14,4,TRUE
8,"https://thecolumn.co/daily/10082020",3,2020-10-14,4,TRUE
20,"https://en.wikipedia.org/wiki/Maleic_anhydride",3,2020-10-14,4,TRUE
7,"https://www.google.com/url?sa=t&rct=j&q=&esrc=s&source=web&cd=&ved=2ahUKEwiJjsrYmLTsAhUMLK0KHbAgD4AQFjAUegQIERAC&url=http%3A%2F%2Flink.springer.com%2Fcontent%2Fpdf%2F10.1007%252F978-3-642-36199-9_209-1.pdf&usg=AOvVaw1LnPPAA_9CPcC4dwcMaU5C",33,2020-10-15,5,TRUE
0,"https://thecolumn.co/daily/10152021",23,2021-10-15,6,TRUE
21,"https://www.ge.com/news/press-releases/long-ridge-energy-terminal-partners-new-fortress-energy-and-ge-transition-power",14,2020-10-16,6,TRUE
15,"https://www.cottonworks.com/wp-content/uploads/2017/10/Traditional-and-Cationic-Cotton-Dyeing.jpg",37,2021-10-18,2,TRUE
9,"https://www.solvay.com/en/press-release/new-augeo-plant",10,2020-10-19,2,TRUE
22,"https://www.reuters.com/article/saudi-aramco-sabic-project-int/saudi-aramco-and-sabic-reassess-crude-oil-to-chemicals-project-idUSKBN2730OB",6,2020-10-20,3,TRUE
0,"https://thecolumn.co/daily/10212020",6,2020-10-21,4,TRUE
15,"http://creativecommons.org/licenses/by-sa/3.0/",6,2020-10-21,4,TRUE
25,"https://molgroup.info/en/media-centre/press-releases/mol-is-building-a-new-rubber-bitumen-plant-in-zalaegerszeg-hungary",6,2020-10-21,4,TRUE
27,"https://www.eea.europa.eu/signals/signals-2014/articles/waste-a-problem-or-a-resource",6,2020-10-21,4,TRUE
8,"https://www.youtube.com/watch?v=yt2XH9hYwFg&feature=emb_logo",12,2020-10-22,5,TRUE
21,"https://www.renewableenergymagazine.com/biogas/veolia-and-waga-energy-launch-one-of-20201013",8,2020-10-23,6,TRUE
10,"https://www.sabic.com/en/news/24490-sabic-and-schwarz-group-launches-a-pilot-project-for-vegetable-bags-made-with-certified-circular-pe",4,2020-10-26,2,TRUE
22,"https://preem-en.newsroom.cision.com/releasedetail.html?the-large-scale-conversion-of-preem-s-refinery-in-lysekil-begins&releaseIdentifier=BB0B2B342152E2C7",4,2020-10-26,2,TRUE
28,"{{ Unsubscribe link }}",4,2020-10-26,2,TRUE
8,"https://assets.comptroller.texas.gov/ch313/1535/1535-dayton-brightmark-app.pdf",30,2020-10-27,3,TRUE
14,"https://www.energy.gov/eere/bioenergy/joint-fy20-bioenergy-and-advanced-manufacturing-foa-bottle-bio-optimized-technologies",28,2020-10-28,4,TRUE
21,"https://www.reliableplant.com/Read/31897/digital-twins-ai",13,2020-10-29,5,TRUE
21,"https://www.shell.com/investors/financial-reporting/quarterly-results/2020/q3-2020/_jcr_content/par/toptasks_1119141760_.stream/1603912380339/269db2f66fc2d5a9859e36daa847eee9212b0679/q3-2020-quarterly-press-release.pdf",39,2020-10-30,6,TRUE
13,"https://seekingalpha.com/article/4381161-dont-touch-loop-industries-facade-falls-apart",23,2020-11-02,2,TRUE
16,"https://www.linde-engineering.com/en/hydrogen/",10,2020-11-03,3,TRUE
8,"https://www.cfindustries.com/newsroom/2020/commitment-to-clean-energy-economy",9,2020-11-04,4,TRUE
8,"https://www.reuters.com/article/exxonmobil-layoffs/exxon-to-cut-14000-global-jobs-including-1900-in-u-s-as-pandemic-hurts-demand-idUSKBN27E30U",14,2020-11-05,5,TRUE
15,"https://media.springernature.com/lw685/springer-static/image/art%3A10.1186%2Fs13068-019-1634-1/MediaObjects/13068_2019_1634_Fig1_HTML.png",29,2020-11-06,6,TRUE
10,"https://laporte.com/knowledgecenter/accounting-services/how-to-consider-the-potential-impairment-of-long-lived-assets-during-times-of-downturn",52,2020-11-09,2,TRUE
10,"https://en.wikipedia.org/wiki/Polyvinyl_butyral",14,2020-11-10,3,TRUE
11,"https://www.eastman.com/Company/News_Center/2020/Pages/Eastman-signs-strategic-partnership-with-SEEN-AG.aspx",14,2020-11-10,3,TRUE
0,"https://thecolumn.co/daily/11112020",8,2020-11-11,4,TRUE
15,"https://www.saftbatteries.com/sites/saftbatteries.com/files/public/styles/hero/public/hero_image_1.jpg",7,2020-11-12,5,TRUE
23,"https://www.youtube.com/watch?v=6Vb6ldT77p4&feature=emb_logo",9,2020-11-13,6,TRUE
23,"https://fidelisinfra.com/#",28,2020-11-16,2,TRUE
6,"https://thecolumn.co/daily/11162020",21,2020-11-17,3,TRUE
10,"https://www.corning.com/worldwide/en/about-us/news-events/news-releases/2020/11/corning-guardiant-antimicrobial-particles-enable-paint-and-coatings-demonstrated-to-kill-more-bacteria-and-viruses.html",9,2020-11-18,4,TRUE
12,"https://corporate.exxonmobil.com/News/Newsroom/News-releases/2020/1112_ExxonMobil-statement-regarding-inaccurate-New-York-Times-story",70,2020-11-19,5,TRUE
26,"http://www.hejailan.com/our-news/al-hejailan-and-dow/",7,2020-11-20,6,TRUE
12,"https://d1ung6i9j8i9xc.cloudfront.net/wp-content/blogs.dir/123/files/2020/09/20200924_Web_WhatsBannedWhatsNot_v2.png",25,2020-11-23,2,TRUE
6,"https://www.engie-fabricom.com/en/",8,2020-11-24,3,TRUE
9,"https://www.phillips66.com/newsroom/2020-humber-uco",8,2020-11-24,3,TRUE
9,"https://www.ineos.com/news/shared-news/ineos-op-usa-to-acquire-sasols-ownership-of-gemini-hdpe-llc/",3,2020-11-25,4,TRUE
7,"https://medium.com/the-column/this-thanksgiving-try-being-grateful-for-plastic-6d91961f1906",51,2020-11-26,5,TRUE
8,"http://prokcssmedia.blob.core.windows.net/sys-master-images/hb8/hdc/8820784594974/DK134749_1484.pdf",26,2020-11-27,6,TRUE
20,"https://www.mckinsey.com/~/media/mckinsey/dotcom/client_service/oil%20and%20gas/pdfs/impact%20of%20low%20crude%20prices%20on%20refining%20co-b.pdf",24,2020-11-30,2,TRUE
10,"https://www.americanchemistry.com/Media/PressReleasesTranscripts/ACC-news-releases/Plastic-Makers-Applaud-Governor-Wolf-for-Signing-Advanced-Recycling-Legislation-into-Law.html",13,2020-12-01,3,TRUE
10,"https://corporate.evonik.com/en/growth-financing-for-young-danish-hydrogen-peroxide-company-143476.html",11,2020-12-02,4,TRUE
5,"https://li-cycle.com/technology/",14,2020-12-03,5,TRUE
8,"https://www.prnewswire.com/news-releases/li-cycle-announces-commercial-lithium-ion-battery-recycling-plant-now-operational-in-rochester-new-york-301183716.html",14,2020-12-03,5,TRUE
6,"https://en.wikipedia.org/wiki/Linear_low-density_polyethylene",9,2020-12-04,6,TRUE
9,"https://patentimages.storage.googleapis.com/f7/62/85/02e5cbaa90ac21/US9926256.pdf",33,2020-12-07,2,TRUE
0,"https://thecolumn.co/daily/12082020",7,2020-12-08,3,TRUE
2,"https://thecolumn.co/",22,2020-12-09,4,TRUE
12,"http://compressormash.ru/en/products/compressible_gas/coke_oven_gas/",27,2020-12-10,5,TRUE
5,"http://www.durect.com",8,2020-12-11,6,TRUE
8,"https://carbonengineering.com/our-technology/",15,2020-12-14,2,TRUE
9,"https://www.exxonmobilchemical.com/en/library/library-detail/3016/mtg_factsheet_en",15,2020-12-14,2,TRUE
0,"https://thecolumn.co/daily/12152020",11,2020-12-15,3,TRUE
23,"https://corporate.exxonmobil.com/News/Newsroom/News-releases/2020/1214_ExxonMobil-announces-2025-emissions-reductions_expects-to-meet-2020-plan",10,2020-12-16,4,TRUE
6,"https://www.topsoe.com/products/process-licensing/hydroflextm-technology",12,2020-12-17,5,TRUE
14,"https://en.wikipedia.org/wiki/KBR_(company)",9,2020-12-18,6,TRUE
15,"https://www.biobasedperformancematerials.nl/upload_mm/b/2/8/4577872e-83ba-44fa-ae05-04bb07e574f1_BPM%202017%20-%20Speaker%2007%20-%20Christian%20Lenges%20-%20Enzymatic%20polymerization%20-%20A%20new%20process%20for%20engineered%20polysaccharides.pdf",26,2020-12-21,2,TRUE
15,"https://www.sciencedirect.com/science/article/abs/pii/S0165237019308241",11,2020-12-22,3,TRUE
4,"http://srgroup-bd.com/srcil/",14,2020-12-23,4,TRUE
3,"https://medium.com/the-column/new-year-almost-new-column-633ca6095abc",41,2020-12-28,2,TRUE
26,"https://cyprusshippingnews.com/2020/12/22/equinor-energy-and-mitsubishi-heavy-industries-sign-mou-for-low-carbon-technology-collaboration/",8,2020-12-30,4,TRUE
